email,nombre,roles
est-001@academiapacifico.edu.ec,Estudiante 001,ESTUDIANTE
est-002@academiapacifico.edu.ec,Estudiante 002,ESTUDIANTE
est-003@academiapacifico.edu.ec,Estudiante 003,ESTUDIANTE
est-004@academiapacifico.edu.ec,Estudiante 004,ESTUDIANTE
est-005@academiapacifico.edu.ec,Estudiante 005,ESTUDIANTE
est-006@academiapacifico.edu.ec,Estudiante 006,ESTUDIANTE
est-007@academiapacifico.edu.ec,Estudiante 007,ESTUDIANTE
est-008@academiapacifico.edu.ec,Estudiante 008,ESTUDIANTE
est-009@academiapacifico.edu.ec,Estudiante 009,ESTUDIANTE
est-010@academiapacifico.edu.ec,Estudiante 010,ESTUDIANTE
est-011@academiapacifico.edu.ec,Estudiante 011,ESTUDIANTE
est-012@academiapacifico.edu.ec,Estudiante 012,ESTUDIANTE
est-013@academiapacifico.edu.ec,Estudiante 013,ESTUDIANTE
est-014@academiapacifico.edu.ec,Estudiante 014,ESTUDIANTE
est-015@academiapacifico.edu.ec,Estudiante 015,ESTUDIANTE
est-016@academiapacifico.edu.ec,Estudiante 016,ESTUDIANTE
est-017@academiapacifico.edu.ec,Estudiante 017,ESTUDIANTE
est-018@academiapacifico.edu.ec,Estudiante 018,ESTUDIANTE
est-019@academiapacifico.edu.ec,Estudiante 019,ESTUDIANTE
est-020@academiapacifico.edu.ec,Estudiante 020,ESTUDIANTE
est-021@academiapacifico.edu.ec,Estudiante 021,ESTUDIANTE
est-022@academiapacifico.edu.ec,Estudiante 022,ESTUDIANTE
est-023@academiapacifico.edu.ec,Estudiante 023,ESTUDIANTE
est-024@academiapacifico.edu.ec,Estudiante 024,ESTUDIANTE
est-025@academiapacifico.edu.ec,Estudiante 025,ESTUDIANTE
est-026@academiapacifico.edu.ec,Estudiante 026,ESTUDIANTE
est-027@academiapacifico.edu.ec,Estudiante 027,ESTUDIANTE
est-028@academiapacifico.edu.ec,Estudiante 028,ESTUDIANTE
est-029@academiapacifico.edu.ec,Estudiante 029,ESTUDIANTE
est-030@academiapacifico.edu.ec,Estudiante 030,ESTUDIANTE
est-031@academiapacifico.edu.ec,Estudiante 031,ESTUDIANTE
est-032@academiapacifico.edu.ec,Estudiante 032,ESTUDIANTE
est-033@academiapacifico.edu.ec,Estudiante 033,ESTUDIANTE
est-034@academiapacifico.edu.ec,Estudiante 034,ESTUDIANTE
est-035@academiapacifico.edu.ec,Estudiante 035,ESTUDIANTE
est-036@academiapacifico.edu.ec,Estudiante 036,ESTUDIANTE
est-037@academiapacifico.edu.ec,Estudiante 037,ESTUDIANTE
est-038@academiapacifico.edu.ec,Estudiante 038,ESTUDIANTE
est-039@academiapacifico.edu.ec,Estudiante 039,ESTUDIANTE
est-040@academiapacifico.edu.ec,Estudiante 040,ESTUDIANTE
est-041@academiapacifico.edu.ec,Estudiante 041,ESTUDIANTE
est-042@academiapacifico.edu.ec,Estudiante 042,ESTUDIANTE
est-043@academiapacifico.edu.ec,Estudiante 043,ESTUDIANTE
est-044@academiapacifico.edu.ec,Estudiante 044,ESTUDIANTE
est-045@academiapacifico.edu.ec,Estudiante 045,ESTUDIANTE
est-046@academiapacifico.edu.ec,Estudiante 046,ESTUDIANTE
est-047@academiapacifico.edu.ec,Estudiante 047,ESTUDIANTE
est-048@academiapacifico.edu.ec,Estudiante 048,ESTUDIANTE
est-049@academiapacifico.edu.ec,Estudiante 049,ESTUDIANTE
est-050@academiapacifico.edu.ec,Estudiante 050,ESTUDIANTE
est-051@academiapacifico.edu.ec,Estudiante 051,ESTUDIANTE
est-052@academiapacifico.edu.ec,Estudiante 052,ESTUDIANTE
est-053@academiapacifico.edu.ec,Estudiante 053,ESTUDIANTE
est-054@academiapacifico.edu.ec,Estudiante 054,ESTUDIANTE
est-055@academiapacifico.edu.ec,Estudiante 055,ESTUDIANTE
est-056@academiapacifico.edu.ec,Estudiante 056,ESTUDIANTE
est-057@academiapacifico.edu.ec,Estudiante 057,ESTUDIANTE
est-058@academiapacifico.edu.ec,Estudiante 058,ESTUDIANTE
est-059@academiapacifico.edu.ec,Estudiante 059,ESTUDIANTE
est-060@academiapacifico.edu.ec,Estudiante 060,ESTUDIANTE
est-061@academiapacifico.edu.ec,Estudiante 061,ESTUDIANTE
est-062@academiapacifico.edu.ec,Estudiante 062,ESTUDIANTE
est-063@academiapacifico.edu.ec,Estudiante 063,ESTUDIANTE
est-064@academiapacifico.edu.ec,Estudiante 064,ESTUDIANTE
est-065@academiapacifico.edu.ec,Estudiante 065,ESTUDIANTE
est-066@academiapacifico.edu.ec,Estudiante 066,ESTUDIANTE
est-067@academiapacifico.edu.ec,Estudiante 067,ESTUDIANTE
est-068@academiapacifico.edu.ec,Estudiante 068,ESTUDIANTE
est-069@academiapacifico.edu.ec,Estudiante 069,ESTUDIANTE
est-070@academiapacifico.edu.ec,Estudiante 070,ESTUDIANTE
est-071@academiapacifico.edu.ec,Estudiante 071,ESTUDIANTE
est-072@academiapacifico.edu.ec,Estudiante 072,ESTUDIANTE
est-073@academiapacifico.edu.ec,Estudiante 073,ESTUDIANTE
est-074@academiapacifico.edu.ec,Estudiante 074,ESTUDIANTE
est-075@academiapacifico.edu.ec,Estudiante 075,ESTUDIANTE
est-076@academiapacifico.edu.ec,Estudiante 076,ESTUDIANTE
est-077@academiapacifico.edu.ec,Estudiante 077,ESTUDIANTE
est-078@academiapacifico.edu.ec,Estudiante 078,ESTUDIANTE
est-079@academiapacifico.edu.ec,Estudiante 079,ESTUDIANTE
est-080@academiapacifico.edu.ec,Estudiante 080,ESTUDIANTE
est-081@academiapacifico.edu.ec,Estudiante 081,ESTUDIANTE
est-082@academiapacifico.edu.ec,Estudiante 082,ESTUDIANTE
est-083@academiapacifico.edu.ec,Estudiante 083,ESTUDIANTE
est-084@academiapacifico.edu.ec,Estudiante 084,ESTUDIANTE
est-085@academiapacifico.edu.ec,Estudiante 085,ESTUDIANTE
est-086@academiapacifico.edu.ec,Estudiante 086,ESTUDIANTE
est-087@academiapacifico.edu.ec,Estudiante 087,ESTUDIANTE
est-088@academiapacifico.edu.ec,Estudiante 088,ESTUDIANTE
est-089@academiapacifico.edu.ec,Estudiante 089,ESTUDIANTE
est-090@academiapacifico.edu.ec,Estudiante 090,ESTUDIANTE
est-091@academiapacifico.edu.ec,Estudiante 091,ESTUDIANTE
est-092@academiapacifico.edu.ec,Estudiante 092,ESTUDIANTE
est-093@academiapacifico.edu.ec,Estudiante 093,ESTUDIANTE
est-094@academiapacifico.edu.ec,Estudiante 094,ESTUDIANTE
est-095@academiapacifico.edu.ec,Estudiante 095,ESTUDIANTE
est-096@academiapacifico.edu.ec,Estudiante 096,ESTUDIANTE
est-097@academiapacifico.edu.ec,Estudiante 097,ESTUDIANTE
est-098@academiapacifico.edu.ec,Estudiante 098,ESTUDIANTE
est-099@academiapacifico.edu.ec,Estudiante 099,ESTUDIANTE
est-100@academiapacifico.edu.ec,Estudiante 100,ESTUDIANTE
est-101@academiapacifico.edu.ec,Estudiante 101,ESTUDIANTE
est-102@academiapacifico.edu.ec,Estudiante 102,ESTUDIANTE
est-103@academiapacifico.edu.ec,Estudiante 103,ESTUDIANTE
est-104@academiapacifico.edu.ec,Estudiante 104,ESTUDIANTE
est-105@academiapacifico.edu.ec,Estudiante 105,ESTUDIANTE
est-106@academiapacifico.edu.ec,Estudiante 106,ESTUDIANTE
est-107@academiapacifico.edu.ec,Estudiante 107,ESTUDIANTE
est-108@academiapacifico.edu.ec,Estudiante 108,ESTUDIANTE
est-109@academiapacifico.edu.ec,Estudiante 109,ESTUDIANTE
est-110@academiapacifico.edu.ec,Estudiante 110,ESTUDIANTE
est-111@academiapacifico.edu.ec,Estudiante 111,ESTUDIANTE
est-112@academiapacifico.edu.ec,Estudiante 112,ESTUDIANTE
est-113@academiapacifico.edu.ec,Estudiante 113,ESTUDIANTE
est-114@academiapacifico.edu.ec,Estudiante 114,ESTUDIANTE
est-115@academiapacifico.edu.ec,Estudiante 115,ESTUDIANTE
est-116@academiapacifico.edu.ec,Estudiante 116,ESTUDIANTE
est-117@academiapacifico.edu.ec,Estudiante 117,ESTUDIANTE
est-118@academiapacifico.edu.ec,Estudiante 118,ESTUDIANTE
est-119@academiapacifico.edu.ec,Estudiante 119,ESTUDIANTE
est-120@academiapacifico.edu.ec,Estudiante 120,ESTUDIANTE
est-121@academiapacifico.edu.ec,Estudiante 121,ESTUDIANTE
est-122@academiapacifico.edu.ec,Estudiante 122,ESTUDIANTE
est-123@academiapacifico.edu.ec,Estudiante 123,ESTUDIANTE
est-124@academiapacifico.edu.ec,Estudiante 124,ESTUDIANTE
est-125@academiapacifico.edu.ec,Estudiante 125,ESTUDIANTE
est-126@academiapacifico.edu.ec,Estudiante 126,ESTUDIANTE
est-127@academiapacifico.edu.ec,Estudiante 127,ESTUDIANTE
est-128@academiapacifico.edu.ec,Estudiante 128,ESTUDIANTE
est-129@academiapacifico.edu.ec,Estudiante 129,ESTUDIANTE
est-130@academiapacifico.edu.ec,Estudiante 130,ESTUDIANTE
est-131@academiapacifico.edu.ec,Estudiante 131,ESTUDIANTE
est-132@academiapacifico.edu.ec,Estudiante 132,ESTUDIANTE
est-133@academiapacifico.edu.ec,Estudiante 133,ESTUDIANTE
est-134@academiapacifico.edu.ec,Estudiante 134,ESTUDIANTE
est-135@academiapacifico.edu.ec,Estudiante 135,ESTUDIANTE
est-136@academiapacifico.edu.ec,Estudiante 136,ESTUDIANTE
est-137@academiapacifico.edu.ec,Estudiante 137,ESTUDIANTE
est-138@academiapacifico.edu.ec,Estudiante 138,ESTUDIANTE
est-139@academiapacifico.edu.ec,Estudiante 139,ESTUDIANTE
est-140@academiapacifico.edu.ec,Estudiante 140,ESTUDIANTE
est-141@academiapacifico.edu.ec,Estudiante 141,ESTUDIANTE
est-142@academiapacifico.edu.ec,Estudiante 142,ESTUDIANTE
est-143@academiapacifico.edu.ec,Estudiante 143,ESTUDIANTE
est-144@academiapacifico.edu.ec,Estudiante 144,ESTUDIANTE
est-145@academiapacifico.edu.ec,Estudiante 145,ESTUDIANTE
est-146@academiapacifico.edu.ec,Estudiante 146,ESTUDIANTE
est-147@academiapacifico.edu.ec,Estudiante 147,ESTUDIANTE
est-148@academiapacifico.edu.ec,Estudiante 148,ESTUDIANTE
est-149@academiapacifico.edu.ec,Estudiante 149,ESTUDIANTE
est-150@academiapacifico.edu.ec,Estudiante 150,ESTUDIANTE
est-151@academiapacifico.edu.ec,Estudiante 151,ESTUDIANTE
est-152@academiapacifico.edu.ec,Estudiante 152,ESTUDIANTE
est-153@academiapacifico.edu.ec,Estudiante 153,ESTUDIANTE
est-154@academiapacifico.edu.ec,Estudiante 154,ESTUDIANTE
est-155@academiapacifico.edu.ec,Estudiante 155,ESTUDIANTE
est-156@academiapacifico.edu.ec,Estudiante 156,ESTUDIANTE
est-157@academiapacifico.edu.ec,Estudiante 157,ESTUDIANTE
est-158@academiapacifico.edu.ec,Estudiante 158,ESTUDIANTE
est-159@academiapacifico.edu.ec,Estudiante 159,ESTUDIANTE
est-160@academiapacifico.edu.ec,Estudiante 160,ESTUDIANTE
est-161@academiapacifico.edu.ec,Estudiante 161,ESTUDIANTE
est-162@academiapacifico.edu.ec,Estudiante 162,ESTUDIANTE
est-163@academiapacifico.edu.ec,Estudiante 163,ESTUDIANTE
est-164@academiapacifico.edu.ec,Estudiante 164,ESTUDIANTE
est-165@academiapacifico.edu.ec,Estudiante 165,ESTUDIANTE
est-166@academiapacifico.edu.ec,Estudiante 166,ESTUDIANTE
est-167@academiapacifico.edu.ec,Estudiante 167,ESTUDIANTE
est-168@academiapacifico.edu.ec,Estudiante 168,ESTUDIANTE
est-169@academiapacifico.edu.ec,Estudiante 169,ESTUDIANTE
est-170@academiapacifico.edu.ec,Estudiante 170,ESTUDIANTE
est-171@academiapacifico.edu.ec,Estudiante 171,ESTUDIANTE
est-172@academiapacifico.edu.ec,Estudiante 172,ESTUDIANTE
est-173@academiapacifico.edu.ec,Estudiante 173,ESTUDIANTE
est-174@academiapacifico.edu.ec,Estudiante 174,ESTUDIANTE
est-175@academiapacifico.edu.ec,Estudiante 175,ESTUDIANTE
est-176@academiapacifico.edu.ec,Estudiante 176,ESTUDIANTE
est-177@academiapacifico.edu.ec,Estudiante 177,ESTUDIANTE
est-178@academiapacifico.edu.ec,Estudiante 178,ESTUDIANTE
est-179@academiapacifico.edu.ec,Estudiante 179,ESTUDIANTE
est-180@academiapacifico.edu.ec,Estudiante 180,ESTUDIANTE
est-181@academiapacifico.edu.ec,Estudiante 181,ESTUDIANTE
est-182@academiapacifico.edu.ec,Estudiante 182,ESTUDIANTE
est-183@academiapacifico.edu.ec,Estudiante 183,ESTUDIANTE
est-184@academiapacifico.edu.ec,Estudiante 184,ESTUDIANTE
est-185@academiapacifico.edu.ec,Estudiante 185,ESTUDIANTE
est-186@academiapacifico.edu.ec,Estudiante 186,ESTUDIANTE
est-187@academiapacifico.edu.ec,Estudiante 187,ESTUDIANTE
est-188@academiapacifico.edu.ec,Estudiante 188,ESTUDIANTE
est-189@academiapacifico.edu.ec,Estudiante 189,ESTUDIANTE
est-190@academiapacifico.edu.ec,Estudiante 190,ESTUDIANTE
est-191@academiapacifico.edu.ec,Estudiante 191,ESTUDIANTE
est-192@academiapacifico.edu.ec,Estudiante 192,ESTUDIANTE
est-193@academiapacifico.edu.ec,Estudiante 193,ESTUDIANTE
est-194@academiapacifico.edu.ec,Estudiante 194,ESTUDIANTE
est-195@academiapacifico.edu.ec,Estudiante 195,ESTUDIANTE
est-196@academiapacifico.edu.ec,Estudiante 196,ESTUDIANTE
est-197@academiapacifico.edu.ec,Estudiante 197,ESTUDIANTE
est-198@academiapacifico.edu.ec,Estudiante 198,ESTUDIANTE
est-199@academiapacifico.edu.ec,Estudiante 199,ESTUDIANTE
est-200@academiapacifico.edu.ec,Estudiante 200,ESTUDIANTE
